"","X","sample","sex","age","reg","ctg","size","moult","exp","prep","flag","type","qual","length","codeset","cohdate","regentime","wkage","key","over0reads","over10reads","predage"
"1",1,"C200","M","O","",1,"P",NA,"conc","Luke",FALSE,"O","ok",NA,"phaw_1",NA,NA,NA,"C200 1",181,129,NA
"2",2,"C100","M","O","",1,"P",NA,"conc","Luke",FALSE,"O","ok",NA,"phaw_1",NA,NA,NA,"C100 1",168,126,NA
"3",3,"C50","M","O","",1,"P",NA,"conc","Luke",FALSE,"O","ok",NA,"phaw_1",NA,NA,NA,"C50 1",156,129,NA
"4",4,"C25","M","O","",1,"P",NA,"conc","Luke",FALSE,"O","ok",NA,"phaw_1",NA,NA,NA,"C25 1",136,120,NA
"5",5,"C12","M","O","",1,"P",NA,"conc","Luke",FALSE,"O","ok",NA,"phaw_1",NA,NA,NA,"C12 1",51,51,NA
"6",6,"C6","M","O","",1,"P",NA,"conc","Luke",FALSE,"O","ok",NA,"phaw_1",NA,NA,NA,"C6 1",41,41,NA
"7",7,"CIA","M","O","",1,"I",NA,"conc","Luke",FALSE,"O","ok",NA,"phaw_1",NA,NA,NA,"CIA 1",95,95,NA
"8",8,"CIB","M","O","",1,"I",NA,"conc","Luke",FALSE,"O","ok",NA,"phaw_1",NA,NA,NA,"CIB 1",56,56,NA
"9",9,"FYA","F","Y","",1,"P",NA,"OvY","Luke",FALSE,"Y","ok",NA,"phaw_1",NA,NA,NA,"FYA 1",186,182,NA
"10",10,"FOA","F","O","",1,"P",NA,"OvY","Luke",FALSE,"O","ok",NA,"phaw_1",NA,NA,NA,"FOA 1",187,168,NA
"11",11,"MYA","M","Y","",1,"P",NA,"OvY","Luke",FALSE,"Y","ok",NA,"phaw_1",NA,NA,NA,"MYA 1",187,113,NA
"12",12,"MOA","M","O","",1,"P",NA,"OvY","Luke",FALSE,"O","ok",NA,"phaw_1",NA,NA,NA,"MOA 1",189,117,NA
"13",13,"FYB","F","Y","",2,"P",NA,"OvY","Luke",FALSE,"Y","ok",NA,"phaw_1",NA,NA,NA,"FYB 2",150,131,NA
"14",14,"FOB","F","O","",2,"P",NA,"OvY","Luke",FALSE,"O","ok",NA,"phaw_1",NA,NA,NA,"FOB 2",184,172,NA
"15",15,"MYB","M","Y","",2,"P",NA,"OvY","Luke",FALSE,"Y","ok",NA,"phaw_1",NA,NA,NA,"MYB 2",118,97,NA
"16",16,"MOB","M","O","",2,"P",NA,"OvY","Luke",FALSE,"O","ok",NA,"phaw_1",NA,NA,NA,"MOB 2",115,94,NA
"17",17,"MOIA","M","O","",2,"I",NA,"OvY","Luke",FALSE,"O","ok",NA,"phaw_1",NA,NA,NA,"MOIA 2",182,162,NA
"18",18,"MOIB","M","O","",2,"I",NA,"OvY","Luke",FALSE,"O","ok",NA,"phaw_1",NA,NA,NA,"MOIB 2",152,99,NA
"19",19,"MOIC","M","O","",2,"I",NA,"OvY","Luke",FALSE,"O","ok",NA,"phaw_1",NA,NA,NA,"MOIC 2",155,116,NA
"20",20,"MOID","M","O","",2,"I",NA,"OvY","Luke",FALSE,"O","ok",NA,"phaw_1",NA,NA,NA,"MOID 2",152,90,NA
"21",21,"CS1X","M","O","",2,"I",NA,"cut","Luke",FALSE,"O","ok",NA,"phaw_1",NA,NA,NA,"CS1X 2",175,133,NA
"22",22,"CS0.5X","M","O","",2,"I",NA,"cut","Luke",FALSE,"O","ok",NA,"phaw_1",NA,NA,NA,"CS0.5X 2",168,127,NA
"23",23,"CS0.25XA","M","O","",2,"I",NA,"cut","Luke",TRUE,"O","ok",NA,"phaw_1",NA,NA,NA,"CS0.25XA 2",175,128,NA
"24",24,"CS0.25XB","M","O","",2,"I",NA,"cut","Luke",TRUE,"O","ok",NA,"phaw_1",NA,NA,NA,"CS0.25XB 2",169,122,NA
"25",25,"O1a","F","O","",3,"P",NA,"OvY","Nikos",TRUE,"O","bad",NA,"phaw_1",NA,NA,NA,"O1a 3",34,34,NA
"26",26,"O2a","F","O","",3,"P",NA,"OvY","Nikos",FALSE,"O","ok",NA,"phaw_1",NA,NA,NA,"O2a 3",180,126,NA
"27",27,"Y1a","F","Y","",3,"P",NA,"OvY","Nikos",FALSE,"Y","ok",NA,"phaw_1",NA,NA,NA,"Y1a 3",195,173,NA
"28",28,"Y2a","F","Y","",3,"P",NA,"OvY","Nikos",FALSE,"Y","ok",NA,"phaw_1",NA,NA,NA,"Y2a 3",191,152,NA
"29",29,"OR1a","F","O","R",3,"P",NA,"regen","Nikos",FALSE,"OR","ok",NA,"phaw_1",NA,NA,NA,"OR1a 3",175,114,NA
"30",30,"OR2a","F","O","R",3,"P",NA,"regen","Nikos",FALSE,"OR","ok",NA,"phaw_1",NA,NA,NA,"OR2a 3",156,75,NA
"31",31,"YR1a","F","Y","R",3,"P",NA,"regen","Nikos",TRUE,"YR","bad",NA,"phaw_1",NA,NA,NA,"YR1a 3",12,12,NA
"32",32,"YR2a","F","Y","R",3,"P",NA,"regen","Nikos",TRUE,"YR","bad",NA,"phaw_1",NA,NA,NA,"YR2a 3",34,34,NA
"33",33,"FY5a","F","Y","",3,"P",NA,"OvY","Luke",FALSE,"Y","ok",NA,"phaw_1",NA,NA,NA,"FY5a 3",183,163,NA
"34",34,"FY6a","F","Y","",3,"P",NA,"OvY","Luke",FALSE,"Y","ok",NA,"phaw_1",NA,NA,NA,"FY6a 3",192,175,NA
"35",35,"FO5a","F","O","",3,"P",NA,"OvY","Luke",FALSE,"O","ok",NA,"phaw_1",NA,NA,NA,"FO5a 3",184,129,NA
"36",36,"FO7a","F","O","",3,"P",NA,"OvY","Luke",FALSE,"O","ok",NA,"phaw_1",NA,NA,NA,"FO7a 3",181,145,NA
"37",37,"O1b","F","O","",4,"P",NA,"OvY","Nikos",FALSE,"O","ok",NA,"phaw_1",NA,NA,NA,"O1b 4",187,111,NA
"38",38,"O2b","F","O","",4,"P",NA,"OvY","Nikos",FALSE,"O","ok",NA,"phaw_1",NA,NA,NA,"O2b 4",188,161,NA
"39",39,"Y1b","F","Y","",4,"P",NA,"OvY","Nikos",FALSE,"Y","ok",NA,"phaw_1",NA,NA,NA,"Y1b 4",193,177,NA
"40",40,"Y2b","F","Y","",4,"P",NA,"OvY","Nikos",FALSE,"Y","ok",NA,"phaw_1",NA,NA,NA,"Y2b 4",193,155,NA
"41",41,"OR1b","F","O","R",4,"P",NA,"regen","Nikos",FALSE,"OR","ok",NA,"phaw_1",NA,NA,NA,"OR1b 4",177,113,NA
"42",42,"OR2b","F","O","R",4,"P",NA,"regen","Nikos",FALSE,"OR","ok",NA,"phaw_1",NA,NA,NA,"OR2b 4",140,73,NA
"43",43,"YR1b","F","Y","R",4,"P",NA,"regen","Nikos",FALSE,"YR","ok",NA,"phaw_1",NA,NA,NA,"YR1b 4",191,123,NA
"44",44,"YR2b","F","Y","R",4,"P",NA,"regen","Nikos",FALSE,"YR","ok",NA,"phaw_1",NA,NA,NA,"YR2b 4",187,131,NA
"45",45,"FY7","F","Y","",4,"P",NA,"OvY","Luke",FALSE,"Y","ok",NA,"phaw_1",NA,NA,NA,"FY7 4",189,176,NA
"46",46,"FY8","F","Y","",4,"P",NA,"OvY","Luke",FALSE,"Y","ok",NA,"phaw_1",NA,NA,NA,"FY8 4",175,160,NA
"47",47,"FO8","F","O","",4,"P",NA,"OvY","Luke",FALSE,"O","ok",NA,"phaw_1",NA,NA,NA,"FO8 4",153,116,NA
"48",48,"FO9","F","O","",4,"P",NA,"OvY","Luke",FALSE,"O","ok",NA,"phaw_1",NA,NA,NA,"FO9 4",138,138,NA
"49",49,"SFPA","F","Y","",5,"P",NA,"OvY","Luke",FALSE,"Y","bad",5.3,"phaw_1",NA,NA,NA,"SFPA 5",168,68,24.3629261398457
"50",50,"SFPB","F","Y","",5,"P",NA,"OvY","Luke",FALSE,"Y","ok",3.9,"phaw_1",NA,NA,NA,"SFPB 5",187,174,14.8448226400535
"51",51,"LFPA","F","O","",5,"P",NA,"OvY","Luke",FALSE,"O","ok",6.8,"phaw_1",NA,NA,NA,"LFPA 5",92,92,37.5505462879572
"52",52,"LFPB","F","O","",5,"P",NA,"OvY","Luke",FALSE,"O","ok",7.4,"phaw_1",NA,NA,NA,"LFPB 5",104,62,45.8412428777465
"53",53,"SMPA","M","Y","",5,"P",NA,"OvY","Luke",FALSE,"Y","ok",NA,"phaw_1",NA,NA,NA,"SMPA 5",103,68,NA
"54",54,"SMPB","M","Y","",5,"P",NA,"OvY","Luke",TRUE,"Y","bad",NA,"phaw_1",NA,NA,NA,"SMPB 5",182,124,NA
"55",55,"LMPA","M","O","",5,"P",NA,"OvY","Luke",FALSE,"O","ok",NA,"phaw_1",NA,NA,NA,"LMPA 5",177,100,NA
"56",56,"LMPB","M","O","",5,"P",NA,"OvY","Luke",FALSE,"O","ok",NA,"phaw_1",NA,NA,NA,"LMPB 5",185,79,NA
"57",57,"LMIA","M","O","",5,"I",NA,"OvY","Luke",FALSE,"O","ok",NA,"phaw_1",NA,NA,NA,"LMIA 5",168,107,NA
"58",58,"LMIB","M","O","",5,"I",NA,"OvY","Luke",FALSE,"O","ok",NA,"phaw_1",NA,NA,NA,"LMIB 5",130,75,NA
"59",59,"LMIC","M","O","",5,"I",NA,"OvY","Luke",FALSE,"O","ok",NA,"phaw_1",NA,NA,NA,"LMIC 5",121,121,NA
"60",60,"LMID","M","O","",5,"I",NA,"OvY","Luke",FALSE,"O","ok",NA,"phaw_1",NA,NA,NA,"LMID 5",130,68,NA
"61",61,"Abef","F","O","",6,"P",NA,"regen","Luke",FALSE,"O","ok",7,"phaw_1",NA,NA,NA,"Abef 6",104,85,40.0563480732702
"62",62,"Aun","F","O","",6,"P",NA,"regen","Luke",FALSE,"O","ok",7,"phaw_1",NA,NA,NA,"Aun 6",94,67,40.0563480732702
"63",63,"Areg","F","O","R",6,"P",NA,"regen","Luke",FALSE,"OR","ok",7,"phaw_1",NA,4,NA,"Areg 6",124,69,40.0563480732702
"64",64,"Bbef","F","O","",6,"P",NA,"regen","Luke",FALSE,"O","ok",6.8,"phaw_1",NA,NA,NA,"Bbef 6",127,72,37.5505462879572
"65",65,"Bun","F","O","",6,"P",NA,"regen","Luke",FALSE,"O","ok",6.8,"phaw_1",NA,NA,NA,"Bun 6",123,85,37.5505462879572
"66",66,"Breg","F","O","R",6,"P",NA,"regen","Luke",FALSE,"OR","ok",6.8,"phaw_1",NA,4,NA,"Breg 6",99,99,37.5505462879572
"67",67,"Cbef","F","O","",6,"P",NA,"regen","Luke",FALSE,"O","bad",7,"phaw_1",NA,NA,NA,"Cbef 6",68,68,40.0563480732702
"68",68,"Cun","F","O","",6,"P",NA,"regen","Luke",FALSE,"O","ok",7,"phaw_1",NA,NA,NA,"Cun 6",140,99,40.0563480732702
"69",69,"Creg","F","O","R",6,"P",NA,"regen","Luke",FALSE,"OR","ok",7,"phaw_1",NA,4,NA,"Creg 6",135,107,40.0563480732702
"70",70,"Dbef","F","O","",6,"P",NA,"regen","Luke",FALSE,"O","ok",6.9,"phaw_1",NA,NA,NA,"Dbef 6",92,68,38.773663991825
"71",71,"Dun","F","O","",6,"P",NA,"regen","Luke",FALSE,"O","ok",6.9,"phaw_1",NA,NA,NA,"Dun 6",81,69,38.773663991825
"72",72,"Dreg","F","O","R",6,"P",NA,"regen","Luke",FALSE,"OR","ok",6.9,"phaw_1",NA,4,NA,"Dreg 6",97,97,38.773663991825
"73",73,"SFPC","F","Y","",7,"P",NA,"OvY","Luke",FALSE,"Y","ok",4.5,"phaw_1",NA,NA,NA,"SFPC 7",186,168,19.1322684742285
"74",74,"SFPD","F","Y","",7,"P",NA,"OvY","Luke",FALSE,"Y","ok",4.1,"phaw_1",NA,NA,NA,"SFPD 7",186,168,16.3554767837797
"75",75,"LFPC","F","O","",7,"P",NA,"OvY","Luke",FALSE,"O","ok",7.2,"phaw_1",NA,NA,NA,"LFPC 7",149,97,42.8121143094769
"76",76,"LFPD","F","O","",7,"P",NA,"OvY","Luke",FALSE,"O","bad",7.3,"phaw_1",NA,NA,NA,"LFPD 7",83,83,44.2910459345308
"77",77,"SMPC","M","Y","",7,"P",NA,"OvY","Luke",FALSE,"Y","ok",NA,"phaw_1",NA,NA,NA,"SMPC 7",183,95,NA
"78",78,"SMPD","M","Y","",7,"P",NA,"OvY","Luke",TRUE,"Y","ok",NA,"phaw_1",NA,NA,NA,"SMPD 7",192,122,NA
"79",79,"LMPC","M","O","",7,"P",NA,"OvY","Luke",FALSE,"O","ok",NA,"phaw_1",NA,NA,NA,"LMPC 7",158,60,NA
"80",80,"LMPD","M","O","",7,"P",NA,"OvY","Luke",FALSE,"O","ok",NA,"phaw_1",NA,NA,NA,"LMPD 7",131,87,NA
"81",81,"0mPA","F","N","",7,"P",0,"moult","Luke",FALSE,"N","ok",NA,"phaw_1",NA,NA,NA,"0mPA 7",78,78,NA
"82",82,"0mPB","F","N","",7,"P",0,"moult","Luke",FALSE,"N","ok",NA,"phaw_1",NA,NA,NA,"0mPB 7",187,174,NA
"83",83,"10mPA","F","N","",7,"P",10,"moult","Luke",FALSE,"N","ok",NA,"phaw_1",NA,NA,NA,"10mPA 7",178,104,NA
"84",84,"20mPA","F","N","",7,"P",20,"moult","Luke",FALSE,"N","ok",NA,"phaw_1",NA,NA,NA,"20mPA 7",152,76,NA
"85",85,"Ebef","F","O","",8,"P",NA,"regen","Luke",FALSE,"O","ok",NA,"phaw_1",NA,NA,NA,"Ebef 8",168,89,NA
"86",86,"Eun","F","O","",8,"P",NA,"regen","Luke",FALSE,"O","ok",7,"phaw_1",NA,NA,NA,"Eun 8",133,69,40.0563480732702
"87",87,"Ereg","F","O","R",8,"P",NA,"regen","Luke",FALSE,"OR","ok",7,"phaw_1",NA,4,NA,"Ereg 8",141,91,40.0563480732702
"88",88,"Fbef","F","O","",8,"I",NA,"regen","Luke",FALSE,"O","ok",NA,"phaw_1",NA,NA,NA,"Fbef 8",176,127,NA
"89",89,"Fun","F","O","",8,"I",NA,"regen","Luke",FALSE,"O","ok",6.7,"phaw_1",NA,NA,NA,"Fun 8",103,84,36.3840702265205
"90",90,"Freg","F","O","R",8,"I",NA,"regen","Luke",TRUE,"OR","bad",6.7,"phaw_1",NA,4,NA,"Freg 8",27,27,36.3840702265205
"91",91,"Gbef","F","O","",8,"I",NA,"regen","Luke",FALSE,"O","ok",NA,"phaw_1",NA,NA,NA,"Gbef 8",184,148,NA
"92",92,"Gun","F","O","",8,"I",NA,"regen","Luke",FALSE,"O","ok",7.1,"phaw_1",NA,NA,NA,"Gun 8",145,93,41.4015232674388
"93",93,"Greg","F","O","R",8,"I",NA,"regen","Luke",FALSE,"OR","ok",7.1,"phaw_1",NA,4,NA,"Greg 8",140,107,41.4015232674388
"94",94,"LFIA","F","O","",8,"I",NA,"OvY","Luke",FALSE,"O","ok",NA,"phaw_1",NA,NA,NA,"LFIA 8",86,86,NA
"95",95,"LFIB","F","O","",8,"I",NA,"OvY","Luke",FALSE,"O","ok",NA,"phaw_1",NA,NA,NA,"LFIB 8",118,118,NA
"96",96,"20mPB","F","N","",8,"P",20,"moult","Luke",FALSE,"N","ok",NA,"phaw_1",NA,NA,NA,"20mPB 8",131,71,NA
"97",97,"LFIC","F","O","",9,"I",NA,"OvY","Luke",TRUE,"O","ok",NA,"phaw_1",NA,NA,NA,"LFIC 9",187,26,NA
"98",98,"LFID","F","O","",9,"I",NA,"OvY","Luke",FALSE,"O","ok",NA,"phaw_1",NA,NA,NA,"LFID 9",112,19,NA
"99",99,"OmID","F","N","",9,"I",0,"moult","Luke",FALSE,"N","ok",NA,"phaw_1",NA,NA,NA,"OmID 9",148,25,NA
"100",100,"10mIA","F","N","",9,"I",10,"moult","Luke",FALSE,"N","ok",NA,"phaw_1",NA,NA,NA,"10mIA 9",118,28,NA
"101",101,"n","F","N","",9,"I",NA,"moult","Luke",TRUE,"N","bad",NA,"phaw_1",NA,NA,NA,"n 9",1,1,NA
"102",102,"20mIC","F","N","",9,"I",20,"moult","Luke",FALSE,"N","ok",NA,"phaw_1",NA,NA,NA,"20mIC 9",126,16,NA
"103",103,"Ibef","F","O","",9,"I",NA,"regen","Luke",FALSE,"O","ok",NA,"phaw_1",NA,NA,NA,"Ibef 9",87,18,NA
"104",104,"Iun","F","O","",9,"I",NA,"regen","Luke",FALSE,"O","bad",NA,"phaw_1",NA,NA,NA,"Iun 9",27,27,NA
"105",105,"Ireg","F","O","R",9,"I",NA,"regen","Luke",FALSE,"OR","ok",NA,"phaw_1",NA,7,NA,"Ireg 9",94,29,NA
"106",106,"Kbef","F","O","",9,"I",NA,"regen","Luke",FALSE,"O","ok",NA,"phaw_1",NA,NA,NA,"Kbef 9",75,34,NA
"107",107,"Kun","F","O","",9,"I",NA,"regen","Luke",FALSE,"O","bad",NA,"phaw_1",NA,NA,NA,"Kun 9",28,28,NA
"108",108,"Kreg","F","O","R",9,"I",NA,"regen","Luke",FALSE,"OR","ok",NA,"phaw_1",NA,7,NA,"Kreg 9",60,17,NA
"109",109,"A","F","O","",10,"P",NA,"Size-age","Luke",FALSE,"O","bad",7.25,"phaw_1",NA,NA,NA,"A 10",66,48,43.5428547531803
"110",110,"B","F","O","",10,"P",NA,"Size-age","Luke",FALSE,"O","ok",7.25,"phaw_1",NA,NA,NA,"B 10",119,80,43.5428547531803
"111",111,"C","F","O","",10,"P",NA,"Size-age","Luke",FALSE,"O","ok",8.25,"phaw_1",NA,NA,NA,"C 10",142,142,62.308555751201
"112",112,"D","F","Y","",10,"P",NA,"Size-age","Luke",FALSE,"Y","ok",5.75,"phaw_1",NA,NA,NA,"D 10",140,93,27.5683767583753
"113",113,"E","F","O","",10,"P",NA,"Size-age","Luke",FALSE,"O","ok",7.5,"phaw_1",NA,NA,NA,"E 10",135,102,47.4656298742701
"114",114,"F","F","O","",10,"P",NA,"Size-age","Luke",FALSE,"O","ok",7.75,"phaw_1",NA,NA,NA,"F 10",158,128,51.870372423198
"115",115,"G","F","M","",10,"P",NA,"Size-age","Luke",FALSE,"M","ok",6.25,"phaw_1",NA,NA,NA,"G 10",176,134,31.7574488140354
"116",116,"H","F","O","",10,"P",NA,"Size-age","Luke",FALSE,"O","ok",7.75,"phaw_1",NA,NA,NA,"H 10",190,110,51.870372423198
"117",117,"I","F","M","",10,"P",NA,"Size-age","Luke",FALSE,"M","ok",6.5,"phaw_1",NA,NA,NA,"I 10",188,89,34.209344090356
"118",118,"J","F","Y","",10,"P",NA,"Size-age","Luke",FALSE,"Y","ok",4.75,"phaw_1",NA,NA,NA,"J 10",186,154,20.7695350085479
"119",119,"K","F","Y","",10,"P",NA,"Size-age","Luke",FALSE,"Y","ok",5.5,"phaw_1",NA,NA,NA,"K 10",187,85,25.7398020057193
"120",120,"L","F","M","",10,"P",NA,"Size-age","Luke",FALSE,"M","ok",6.25,"phaw_1",NA,NA,NA,"L 10",194,148,31.7574488140354
"121",121,"Xreg","F","O","R",11,"I",NA,"regen","Luke",FALSE,"OR","ok",7.5,"phaw_1",NA,7,NA,"Xreg 11",111,73,47.4656298742701
"122",122,"Xun","F","O","",11,"I",NA,"regen","Luke",FALSE,"O","bad",7.5,"phaw_1",NA,NA,NA,"Xun 11",56,56,47.4656298742701
"123",123,"Mreg","F","O","R",11,"I",NA,"regen","Luke",TRUE,"OR","bad",7,"phaw_1",NA,7,NA,"Mreg 11",45,45,40.0563480732702
"124",124,"Mun","F","O","",11,"I",NA,"regen","Luke",FALSE,"O","ok",7,"phaw_1",NA,NA,NA,"Mun 11",134,134,40.0563480732702
"125",125,"Nreg","F","O","R",11,"I",NA,"regen","Luke",FALSE,"OR","?",7.5,"phaw_1",NA,7,NA,"Nreg 11",81,81,47.4656298742701
"126",126,"Nun","F","O","",11,"I",NA,"regen","Luke",FALSE,"O","?",7.5,"phaw_1",NA,NA,NA,"Nun 11",161,133,47.4656298742701
"127",127,"Oreg","F","O","R",11,"I",NA,"regen","Luke",FALSE,"OR","?",6.5,"phaw_1",NA,7,NA,"Oreg 11",184,168,34.209344090356
"128",128,"Oun","F","O","",11,"I",NA,"regen","Luke",FALSE,"O","?",6.5,"phaw_1",NA,NA,NA,"Oun 11",164,155,34.209344090356
"129",129,"M","F","M","",11,"P",NA,"Size-age","Luke",FALSE,"M","ok",5.6,"phaw_1",NA,NA,NA,"M 11",187,157,26.4547076993803
"130",130,"N","F","M","",11,"P",NA,"Size-age","Luke",FALSE,"M","ok",5.9,"phaw_1",NA,NA,NA,"N 11",183,142,28.7403926450131
"131",131,"O","F","Y","",11,"P",NA,"Size-age","Luke",FALSE,"Y","?",5.3,"phaw_1",NA,NA,NA,"O 11",190,174,24.3629261398457
"132",132,"P","F","O","",11,"P",NA,"Size-age","Luke",FALSE,"O","?",6.4,"phaw_1",NA,NA,NA,"P 11",187,167,33.1952445453361
"133",133,"Q","F","Y","",12,"P",NA,"Size-age","Luke",FALSE,"Y","?",5.3,"phaw_1",NA,NA,NA,"Q 12",186,176,24.3629261398457
"134",134,"R","F","Y","",12,"P",NA,"Size-age","Luke",FALSE,"Y","?",5.8,"phaw_1",NA,NA,NA,"R 12",170,161,27.952078283881
"135",135,"S","F","Y","",12,"P",NA,"Size-age","Luke",FALSE,"Y","?",4.2,"phaw_1",NA,NA,NA,"S 12",187,178,17.0758521782981
"136",136,"T","F","Y","",12,"P",NA,"Size-age","Luke",FALSE,"Y","?",3.8,"phaw_1",NA,NA,NA,"T 12",109,109,14.0486944205535
"137",137,"U","F","Y","",12,"P",NA,"Size-age","Luke",FALSE,"Y","?",5.35,"phaw_1",NA,NA,NA,"U 12",184,176,24.7014421458662
"138",138,"V","F","Y","",12,"P",NA,"Size-age","Luke",FALSE,"Y","?",5.9,"phaw_1",NA,NA,NA,"V 12",188,179,28.7403926450131
"139",139,"W","F","M","",12,"P",NA,"Size-age","Luke",FALSE,"M","?",6.8,"phaw_1",NA,NA,NA,"W 12",191,178,37.5505462879572
"140",140,"X","F","O","",12,"P",NA,"Size-age","Luke",FALSE,"O","?",7.3,"phaw_1",NA,NA,NA,"X 12",193,180,44.2910459345308
"141",141,"Y","F","M","",12,"P",NA,"Size-age","Luke",FALSE,"M","?",6.2,"phaw_1",NA,NA,NA,"Y 12",188,177,31.2989488256899
"142",142,"Z","F","Y","",12,"P",NA,"Size-age","Luke",FALSE,"Y","?",5.8,"phaw_1",NA,NA,NA,"Z 12",194,181,27.952078283881
"143",143,"AA","F","M","",12,"P",NA,"Size-age","Luke",FALSE,"M","?",6.6,"phaw_1",NA,NA,NA,"AA 12",189,175,35.2713110723688
"144",144,"AB","F","O","",12,"P",NA,"Size-age","Luke",TRUE,"O","?",7.2,"phaw_1",NA,NA,NA,"AB 12",194,179,42.8121143094769
"145",145,"Preg","F","O","R",13,"I",NA,"regen","Luke",FALSE,"OR","?",6.5,"phaw_1",NA,7,NA,"Preg 13",174,171,34.209344090356
"146",146,"Pun","F","O","",13,"I",NA,"regen","Luke",FALSE,"O","?",6.5,"phaw_1",NA,NA,NA,"Pun 13",62,62,34.209344090356
"147",147,"Qreg","F","M","R",13,"P",NA,"regen","Luke",FALSE,"MR","?",6.2,"phaw_1",NA,7,NA,"Qreg 13",121,121,31.2989488256899
"148",148,"Qun","F","M","",13,"P",NA,"regen","Luke",FALSE,"M","?",6.2,"phaw_1",NA,NA,NA,"Qun 13",167,148,31.2989488256899
"149",149,"Rreg","F","Y","R",13,"P",NA,"regen","Luke",FALSE,"YR","?",5.6,"phaw_1",NA,7,NA,"Rreg 13",172,167,26.4547076993803
"150",150,"Run","F","Y","",13,"P",NA,"regen","Luke",FALSE,"Y","?",5.6,"phaw_1",NA,NA,NA,"Run 13",170,159,26.4547076993803
"151",151,"Coh1","F","O","",13,"I",NA,"cohorts","Luke",FALSE,"O","?",7.6,"phaw_1",2017-08-21,NA,45.7142857142857,"Coh1 13",115,92,49.1671316592478
"152",152,"Coh2","F","O","",13,"I",NA,"cohorts","Luke",FALSE,"O","?",7,"phaw_1",2017-09-11,NA,42.7142857142857,"Coh2 13",168,168,40.0563480732702
"153",153,"Coh3","F","M","",13,"I",NA,"cohorts","Luke",FALSE,"M","?",6.2,"phaw_1",2017-09-08,NA,43.1428571428571,"Coh3 13",174,160,31.2989488256899
"154",154,"Coh4","F","M","",13,"I",NA,"cohorts","Luke",FALSE,"M","?",6.1,"phaw_1",2017-10-15,NA,37.8571428571429,"Coh4 13",111,111,30.4109031807714
"155",155,"Coh5","F","Y","",13,"I",NA,"cohorts","Luke",FALSE,"Y","?",5.9,"phaw_1",2017-10-15,NA,37.8571428571429,"Coh5 13",152,129,28.7403926450131
"156",156,"Coh6","F","Y","",13,"I",NA,"cohorts","Luke",FALSE,"Y","?",5.9,"phaw_1",2017-10-15,NA,37.8571428571429,"Coh6 13",177,177,28.7403926450131
"157",157,"Coh7","F","Y","",14,"I",NA,"cohorts","Luke",FALSE,"Y","?",5.1,"phaw_1",2018-02-19,NA,19.7142857142857,"Coh7 14",168,168,23.0371327349288
"158",158,"Coh8","F","Y","",14,"I",NA,"cohorts","Luke",FALSE,"Y","?",4.1,"phaw_1",2018-02-19,NA,19.7142857142857,"Coh8 14",100,100,16.3554767837797
"159",159,"Coh9","F","O","",14,"I",NA,"cohorts","Luke",FALSE,"O","?",9.1,"phaw_1",2016-10-20,NA,89.2857142857143,"Coh9 14",173,160,85.9322529477733
"160",160,"Coh10","F","Y","",14,"I",NA,"cohorts","Luke",FALSE,"Y","?",4.8,"phaw_1",2018-01-23,NA,23.5714285714286,"Coh10 14",108,74,21.0930393767903
"161",161,"Coh11","F","Y","",14,"I",NA,"cohorts","Luke",FALSE,"Y","?",4,"phaw_1",2018-02-23,NA,19.1428571428571,"Coh11 14",122,82,15.6127751827468
"162",162,"Coh12","F","Y","",14,"I",NA,"cohorts","Luke",FALSE,"Y","?",4.1,"phaw_1",2018-02-23,NA,19.1428571428571,"Coh12 14",130,85,16.3554767837797
"163",163,"Coh13","F","O","",14,"I",NA,"cohorts","Luke",FALSE,"O","?",8.5,"phaw_1",2017-04-10,NA,64.7142857142857,"Coh13 14",166,72,68.4333945035928
"164",164,"Coh14","F","O","",14,"I",NA,"cohorts","Luke",FALSE,"O","?",8.9,"phaw_1",2016-12-21,NA,80.4285714285714,"Coh14 14",167,69,79.6348551047698
"165",165,"Coh15","F","O","",14,"I",NA,"cohorts","Luke",FALSE,"O","?",8.5,"phaw_1",2017-04-03,NA,65.7142857142857,"Coh15 14",128,68,68.4333945035928
"166",166,"AC","F","Y","",14,"P",NA,"Size-age","Luke",FALSE,"Y","?",5.8,"phaw_1",NA,NA,NA,"AC 14",192,177,27.952078283881
"167",167,"AD","F","O","",14,"P",NA,"Size-age","Luke",FALSE,"O","?",8.5,"phaw_1",NA,NA,NA,"AD 14",187,171,68.4333945035928
"168",168,"AE","F","O","",14,"P",NA,"Size-age","Luke",FALSE,"O","?",7.5,"phaw_1",NA,NA,NA,"AE 14",187,129,47.4656298742701
"169",169,"AF","F","Y","",15,"P",NA,"Size-age","Luke",FALSE,"Y","?",4.5,"phaw_2",NA,NA,NA,"AF 15",61,60,19.1322684742285
"170",170,"AG","F","O","",15,"P",NA,"Size-age","Luke",FALSE,"O","?",8.2,"phaw_2",NA,NA,NA,"AG 15",61,60,61.1593380948333
"171",171,"AH","F","O","",15,"P",NA,"Size-age","Luke",FALSE,"O","?",7.4,"phaw_2",NA,NA,NA,"AH 15",61,60,45.8412428777465
"172",172,"AI","F","O","",15,"P",NA,"Size-age","Luke",FALSE,"O","?",7.4,"phaw_2",NA,NA,NA,"AI 15",61,60,45.8412428777465
"173",173,"Sreg","F","M","R",15,"P",NA,"regen","Luke",FALSE,"MR","?",6.1,"phaw_2",NA,7,NA,"Sreg 15",51,47,30.4109031807714
"174",174,"Sun","F","M","",15,"P",NA,"regen","Luke",FALSE,"M","?",6.1,"phaw_2",NA,NA,NA,"Sun 15",59,56,30.4109031807714
"175",175,"Treg","F","Y","R",15,"P",NA,"regen","Luke",FALSE,"YR","?",5.3,"phaw_2",NA,7,NA,"Treg 15",59,59,24.3629261398457
"176",176,"Tun","F","Y","",15,"P",NA,"regen","Luke",FALSE,"Y","?",5.3,"phaw_2",NA,NA,NA,"Tun 15",59,59,24.3629261398457
"177",177,"PAreg","F","O","R-A",15,"I",NA,"regen-long","Luke",FALSE,"OR-A","?",7.5,"phaw_2",NA,13,NA,"PAreg 15",23,23,47.4656298742701
"178",178,"PAun","F","O","",15,"I",NA,"regen-long","Luke",FALSE,"O","?",7.5,"phaw_2",NA,NA,NA,"PAun 15",7,7,47.4656298742701
"179",179,"PBreg","F","O","R-A",15,"I",NA,"regen-long","Luke",FALSE,"OR-A","?",7.5,"phaw_2",NA,13,NA,"PBreg 15",25,25,47.4656298742701
"180",180,"PBun","F","O","",15,"I",NA,"regen-long","Luke",FALSE,"O","?",7.5,"phaw_2",NA,NA,NA,"PBun 15",7,7,47.4656298742701
